종목명,현재가,전일비,등락률,NAV,3개월수익률,거래량,거래대금(백만)
TIGER 미국S&P500,21800,80,-0.37,21735,16.61,4589318,100118
KODEX CD금리액티브(합성),1074925,75,0.01,1074927,0.66,239656,257611
KODEX 200,43690,350,0.81,43732,31.45,5357646,233763
KODEX 머니마켓액티브,103355,15,0.01,103357,0.74,463811,47935
TIGER 미국나스닥100,142675,425,-0.3,142140,23.38,223488,31907
TIGER CD금리투자KIS(합성),56310,5,-0.01,56314,0.64,144261,8123
KODEX 미국S&P500,20060,75,-0.37,20003,16.54,3246856,65190
KODEX KOFR금리액티브(합성),110795,5,0.0,110787,0.66,326161,36136
KODEX 종합채권(AA-이상)액티브,118670,15,0.01,118624,-0.67,55195,6545
TIGER 미국테크TOP10 INDXX,25625,85,-0.33,25587,31.44,1770332,45517
TIGER 200,43655,340,0.78,43702,31.56,1542081,67239
KODEX 200TR,15570,115,0.74,15589,31.64,683288,10628
KODEX 미국나스닥100,21460,60,-0.28,21375,23.63,1193066,25611
TIGER KOFR금리액티브(합성),109290,10,0.01,109290,0.66,73649,8048
KODEX 레버리지,25335,365,1.46,25498,70.44,20031994,506200
TIGER 미국필라델피아반도체나스..,21035,25,-0.12,20921,45.82,913722,19211
RISE 머니마켓액티브,54450,0,0.0,54449,0.76,369810,20135
KODEX CD1년금리플러스액티브(합..,1023305,55,0.01,1023142,0.67,11139,11398
ACE 미국30년국채액티브(H),7565,20,0.27,7532,-2.65,1911301,14405
ACE 미국S&P500,22030,80,-0.36,21964,16.56,941066,20746
TIGER 미국배당다우존스,12010,75,-0.62,11969,4.77,1084712,13040
KODEX 코스닥150레버리지,9350,30,-0.32,9407,34.29,16525558,154312
TIGER 25-10 회사채(A+이상)액티..,55170,5,-0.01,55179,0.71,99264,5476
ACE 미국나스닥100,24530,75,-0.3,24437,23.57,491830,12071
TIGER 차이나전기차SOLACTIVE,9860,95,0.97,9899,8.92,1309743,12886
KODEX 단기채권PLUS,115015,0,0.0,115022,0.68,45444,5226
TIGER MSCI Korea TR,18140,190,1.06,18159,29.23,6795,123
RISE 종합채권(A-이상)액티브,110160,70,0.06,110179,-0.73,2095,230
RISE 200,43975,335,0.77,44019,31.52,418091,18370
KODEX 200선물인버스2X,1294,19,-1.45,1295,-42.91,219552332,284820
PLUS 고배당주,20350,155,-0.76,20373,40.82,2607720,53076
KODEX 삼성그룹,10075,15,0.15,10078,25.62,891498,8981
KODEX 코스닥150,13670,35,-0.26,13761,16.74,3692330,50493
ACE KRX금현물,21135,125,0.59,21128,-2.05,1259073,26550
TIGER 25-12 금융채(AA-이상),51405,15,0.03,51404,0.75,1252,64
PLUS K방산,51525,1145,2.27,51545,40.32,1698212,87148
TIGER 미국30년국채커버드콜액티..,7855,20,0.26,7824,-1.76,1038019,8131
TIGER TOP10,13260,95,0.72,13231,30.23,208344,2756
SOL 조선TOP3플러스,26730,985,3.83,26722,23.13,4074099,107869
RISE 미국S&P500,19000,70,-0.37,18952,16.64,387797,7376
KODEX 2차전지산업,12120,410,3.5,12098,9.98,4919862,58931
RISE 미국나스닥100,23740,75,-0.31,23656,23.62,160815,3818
RISE CD금리액티브(합성),104300,0,0.0,104301,0.64,3136,327
TIGER 차이나항셍테크,8555,90,1.06,8554,10.21,2298622,19674
TIGER 종합채권(AA-이상)액티브,56850,10,0.02,56865,-0.66,4710,267
KODEX 25-12 은행채(AAA)액티브,103080,5,0.0,103077,0.7,1543,159
KIWOOM 200TR,56510,410,0.73,56599,31.52,56205,3171
ACE 테슬라밸류체인액티브,15810,470,3.06,15632,35.21,2800845,44255
TIGER 미국배당다우존스타겟커버..,9650,50,-0.52,9604,2.15,424108,4098
SOL 종합채권(AA-이상)액티브,115060,90,0.08,115068,-0.72,357,41
TIGER CD1년금리액티브(합성),1049015,85,0.01,1049013,0.66,19596,20556
TIGER 2차전지테마,15225,455,3.08,15185,12.36,1575168,23743
TIGER 단기통안채,110885,10,0.01,110885,0.65,37020,4104
SOL 초단기채권액티브,53405,5,-0.01,53408,0.74,292462,15619
ACE 종합채권(AA-이상)KIS액티브,108615,65,0.06,108607,-0.64,1072,116
KODEX Top5PlusTR,27230,285,1.06,27239,33.59,20186,549
1Q 머니마켓액티브,52455,5,0.01,52452,0.75,54223,2844
TIGER 미국30년국채스트립액티브..,36900,170,0.46,36818,-4.71,167240,6135
SOL 미국배당다우존스,11020,60,-0.54,10979,4.68,467015,5147
TIGER 미국나스닥100타겟데일리..,9975,20,-0.2,9945,21.99,683134,6816
KODEX 미국S&P500(H),14475,10,-0.07,14442,18.09,126667,1831
KODEX 25-11 은행채(AA-이상)PLU..,10600,0,0.0,10601,0.74,5588,59
TIGER 단기채권액티브,55950,5,0.01,55946,0.66,28661,1603
PLUS 200,44380,330,0.75,44425,31.51,212434,9422
KODEX 200타겟위클리커버드콜,11320,75,0.67,11331,27.45,1916487,21662
ACE 미국빅테크TOP7 Plus,18870,35,0.19,18805,29.85,1042509,19704
KODEX 26-12 회사채(AA-이상)액..,10840,0,0.0,10836,0.79,49809,539
KODEX MSCI Korea TR,14390,125,0.88,14441,29.21,11395,164
KODEX 반도체,37155,155,0.42,37274,27.42,522997,19444
KODEX 인버스,3465,25,-0.72,3466,-23.8,26236682,91027
TIGER 리츠부동산인프라,4265,10,0.24,4267,2.26,1688492,7194
KODEX 미국빅테크10(H),52385,20,0.04,52160,32.65,75515,3948
TIGER Fn반도체TOP10,11985,90,0.76,11971,30.13,900752,10759
KODEX 미국30년국채타겟커버드콜..,8485,30,0.35,8454,-0.81,661229,5591
ACE 미국배당다우존스,12155,75,-0.61,12125,4.65,332225,4044
KODEX 미국30년국채액티브(H),8790,35,0.4,8746,-2.23,915284,8016
KODEX 국고채30년액티브,120870,95,0.08,120969,-4.73,9169,1107
TIMEFOLIO 글로벌AI인공지능액티..,31845,340,1.08,31592,57.45,380891,12095
KODEX 단기채권,113690,5,0.0,113687,0.65,9665,1098
KIWOOM 국고채10년,116125,95,0.08,116124,-1.46,25566,2965
TIGER 은행고배당플러스TOP10,20075,20,-0.1,20075,45.46,1467105,29376
TIGER 200 IT,32625,205,0.63,32519,32.18,36415,1183
KODEX 미국AI전력핵심인프라,16415,260,1.61,16303,58.29,2380034,39022
KODEX 국고채3년,62820,55,0.09,62833,0.1,10645,668
KODEX 코스피,32770,180,0.55,32801,29.05,293573,9595
TIGER 미국달러SOFR금리액티브(..,57815,160,-0.28,57786,-1.0,16254,941
TIGER 2차전지소재Fn,4140,90,2.22,4148,15.71,7276244,29962
TIGER 인도니프티50,13480,40,-0.3,13528,1.49,265364,3580
TIGER 우량회사채액티브,117505,125,0.11,117495,0.56,173128,20327
TIGER 미국달러단기채권액티브,12730,35,-0.27,12736,-1.05,556326,7081
TIGER 미국테크TOP10타겟커버드..,13790,25,-0.18,13763,27.12,223921,3093
RISE KIS국고채30년Enhanced,80865,30,0.04,80915,-6.87,16655,1344
ACE 200,43860,320,0.73,43914,31.64,179984,7881
KODEX 자동차,19540,145,-0.74,19583,15.73,271694,5326
TIGER 테슬라채권혼합Fn,13815,135,0.99,13770,8.82,435326,6023
KODEX 미국반도체,27740,135,-0.48,27567,47.11,133575,3701
KODEX 미국배당커버드콜액티브,11655,65,-0.55,11640,10.39,770349,8991
KIWOOM 종합채권(AA-이상)액티브,109200,65,-0.06,109245,-0.69,79,8
TIGER 미국필라델피아AI반도체나..,12290,100,-0.81,12202,48.54,1593995,19589
KODEX 미국나스닥100(H),17920,10,-0.06,17876,25.29,107173,1918
KODEX 미국달러SOFR금리액티브(..,11955,30,-0.25,11961,-1.03,91923,1100
KODEX 국고채10년액티브,113870,220,0.19,113812,-1.64,21076,2396
TIGER 미국S&P500(H),14995,5,-0.03,14966,18.05,164035,2457
PLUS 머니마켓액티브,52450,5,0.01,52446,0.77,34098,1788
KODEX 인도Nifty50,13790,25,-0.18,13832,1.54,213738,2942
PLUS 종합채권(AA-이상)액티브,115795,55,0.05,115675,-0.63,61,7
RISE 미국30년국채엔화노출(합성..,8050,20,0.25,8061,-9.09,914884,7338
KODEX 미국AI테크TOP10타겟커버..,11370,10,-0.09,11316,33.27,304038,3457
TIGER 27-04회사채(A+이상)액티..,53510,10,0.02,53505,0.83,25475,1362
KIWOOM 200,43600,345,0.8,43635,31.42,84301,3673
TIGER 2차전지TOP10,8270,245,3.05,8265,11.52,4620881,37875
RISE 200위클리커버드콜,9630,70,0.73,9632,25.84,1085403,10440
KODEX 금융고배당TOP10타겟위클..,13175,5,0.04,13158,43.46,1245160,16324
KODEX 증권,14130,150,-1.05,14132,87.72,2238810,31426
KODEX 은행,12275,75,0.61,12247,45.67,1348982,16461
TIGER 미국나스닥100커버드콜(합..,10085,20,-0.2,10076,4.83,112223,1132
KODEX MSCI선진국,32520,70,-0.21,32433,14.87,43122,1403
HANARO 200,43775,325,0.75,43828,31.42,7566,330
ACE 미국S&P500채권혼합액티브,12980,35,-0.27,12973,3.62,239633,3112
TIMEFOLIO 미국나스닥100액티브,31875,70,-0.22,31641,56.9,493645,15748
KODEX AI전력핵심설비,15520,5,-0.03,15528,63.58,2595905,39890
KODEX 한국부동산리츠인프라,4665,15,-0.32,4676,2.34,1408149,6577
KODEX 200액티브,12625,125,1.0,12639,31.54,170025,2145
KODEX 미국배당다우존스,10295,60,-0.58,10257,4.84,336679,3468
KODEX 27-12 회사채(AA-이상)액..,10235,5,0.05,10234,0.69,3358,34
RISE KOFR금리액티브(합성),103970,5,0.0,103970,0.66,1487,154
SOL AI반도체소부장,12355,45,0.37,12356,24.6,380252,4683
TIGER 조선TOP10,20985,780,3.86,21023,20.27,1447547,30158
HANARO 원자력iSelect,36400,765,2.15,36415,78.22,694945,24934
ACE 글로벌반도체TOP4 Plus SOLA..,31240,605,-1.9,31048,47.55,227868,7114
KIWOOM 머니마켓액티브,52555,5,0.01,52554,0.7,1226,64
TIGER 미국S&P500타겟데일리커버..,10905,50,-0.46,10885,16.09,365370,3984
TIGER CD금리플러스액티브(합성),1001775,65,0.01,1001778,0.66,7847,7860
PLUS 고배당주채권혼합,14220,40,-0.28,14172,15.25,872579,12392
SOL 미국AI소프트웨어,14810,0,0.0,14758,29.38,396238,5865
RISE 단기채권알파액티브,113070,5,0.0,113073,0.88,3630,410
RISE 단기통안채,115600,5,0.0,115599,0.68,17622,2037
KODEX 테슬라커버드콜채권혼합액..,8780,50,0.57,8797,4.7,459219,4031
ACE 국고채10년,91195,130,0.14,91200,-1.55,11287,1028
ACE 머니마켓액티브,103670,0,0.0,103675,0.73,10178,1055
KODEX 2차전지산업레버리지,1087,67,6.57,1090,15.78,43411448,46248
KODEX 미국나스닥100데일리커버..,9725,5,0.05,9656,17.0,519789,5043
KODEX 미국달러선물인버스2X,5530,25,0.45,5549,2.71,757400,4174
KODEX AI반도체,10660,70,0.66,10648,31.95,270304,2872
KODEX 단기변동금리부채권액티브,114680,5,0.0,114688,0.65,21752,2494
SOL 미국배당미국채혼합50,9990,15,-0.15,9960,0.76,155629,1555
TIGER 화장품,4140,5,0.12,4135,35.57,6390461,26316
KODEX 미국종합채권ESG액티브(H),100925,125,0.12,100869,1.61,7896,796
TIGER 반도체,38800,290,0.75,38778,27.6,217242,8413
KODEX 미국30년국채울트라선물(H..,7405,30,0.41,7407,-2.32,124885,921
KODEX ESG종합채권(A-이상)액티..,115910,215,-0.19,116028,1.1,725,84
SOL 미국30년국채커버드콜(합성),8855,5,-0.06,8817,-0.18,343120,3035
TIGER 글로벌자율주행&전기차SOL..,11600,30,0.26,11656,25.56,58559,677
KODEX 고배당주,13560,55,-0.4,13577,30.59,762873,10338
TIGER 글로벌AI액티브,19730,105,0.54,19664,40.73,135379,2671
TIGER 200 중공업,11230,365,3.36,11230,53.83,2224509,24708
TIGER 중장기국채,52565,50,0.1,52563,-0.78,18901,992
ACE 미국30년국채액티브,9345,0,0.0,9296,-4.48,250608,2337
RISE 글로벌자산배분액티브,13470,5,-0.04,13490,3.85,156020,2101
TIGER K방산&우주,31400,455,1.47,31441,55.35,664207,20807
TIGER 미국테크TOP10 INDXX(H),15970,10,0.06,15944,32.61,333217,5323
TIGER 미국나스닥100(H),18490,5,0.03,18439,25.27,116641,2153
ACE 베트남VN30(합성),24770,200,0.81,24791,20.06,312483,7748
KODEX 골드선물(H),19955,200,1.01,19942,-0.98,123850,2458
RISE 글로벌원자력,32040,900,2.89,31905,73.19,522793,16590
1Q CD금리액티브(합성),102515,0,0.0,102581,0.66,4958,508
KODEX 25-11 회사채(A+이상)액티..,10910,5,0.05,10919,0.69,1520,16
RISE 비메모리반도체액티브,11290,40,0.36,11285,21.62,79415,894
KODEX 코스닥150선물인버스,3360,0,0.0,3387,-14.61,18053383,60779
HANARO Fn K-반도체,11760,65,0.56,11741,29.71,316053,3710
TIGER 미국필라델피아반도체레버..,25605,125,-0.49,25359,104.24,53755,1376
SOL 200TR,16160,120,0.75,16176,31.37,49170,793
1Q 단기금융채액티브,107890,15,0.01,107886,0.71,10737,1158
SOL 26-12 회사채(AA-이상)액티..,52030,10,0.02,52035,0.92,4445,231
KODEX TDF2050액티브,14890,50,-0.33,14853,10.17,196287,2924
RISE 200TR,24475,185,0.76,24500,31.51,39829,973
KODEX 장기종합채권(AA-이상)액..,102205,45,0.04,102283,-2.16,1867,190
TIGER 일본니케이225,22520,20,0.09,22540,8.04,26378,593
TIGER 지주회사,14565,165,-1.12,14594,52.37,723169,10535
ACE 미국달러SOFR금리(합성),11695,45,-0.38,11688,-0.97,105950,1241
SOL 미국배당다우존스(H),10900,20,-0.18,10872,6.01,99389,1081
KODEX TRF3070,13945,5,0.04,13936,3.95,58485,814
KODEX 미국서학개미,20680,130,0.63,20527,41.38,557259,11524
KIWOOM 인도Nifty50(합성),25255,5,0.02,25265,1.18,50326,1268
TIGER 코스피,33330,250,0.76,33358,28.43,44693,1487
ACE 미국나스닥100채권혼합액티..,13650,45,-0.33,13641,5.63,162161,2216
KODEX 미국나스닥100레버리지(합..,13620,35,-0.26,13578,55.97,85828,1166
TIGER 26-04 회사채(A+이상)액티..,51285,5,0.01,51289,0.8,3742,191
TIGER 미국투자등급회사채액티브..,48350,55,0.11,48274,2.37,11225,542
TIGER 헬스케어,42725,575,-1.33,42828,16.05,135414,5797
KODEX 코리아밸류업,12700,65,0.51,12700,30.78,119508,1514
TIGER 글로벌리튬&2차전지SOLACT..,6425,5,0.08,6506,16.73,119959,769
TIGER 미국테크TOP10채권혼합,13035,15,-0.11,13037,10.83,167927,2191
TIGER 삼성그룹펀더멘털,13590,30,-0.22,13603,31.99,40969,556
SOL 금융지주플러스고배당,16320,40,0.25,16346,48.31,542537,8832
TIGER 코스닥150,14045,20,-0.14,14091,17.06,466985,6547
TIGER 미국나스닥100채권혼합Fn,13235,15,0.11,13207,5.76,93609,1237
ACE 엔비디아채권혼합블룸버그,24260,60,-0.25,24191,18.55,105024,2546
SOL 중단기회사채(A-이상)액티브,50895,5,0.01,50892,0.85,61746,3141
TIGER 미국나스닥100레버리지(합..,27330,155,-0.56,27156,50.85,44121,1207
ACE 26-06 회사채(AA-이상)액티..,11120,0,0.0,11126,0.86,9510,105
SOL 미국AI전력인프라,17650,380,2.2,17494,51.31,520597,9158
KODEX 차이나항셍테크,8545,100,1.18,8538,10.39,432749,3699
TIGER 미국AI빅테크10타겟데일리..,10555,10,-0.09,10513,32.56,266138,2810
SOL 미국테크TOP10,13865,30,-0.22,13819,31.49,163896,2277
ACE 미국빅테크7+데일리타겟커버..,10950,5,0.05,11005,25.99,123349,1351
TIGER 차이나CSI300,10515,65,0.62,10519,8.23,58356,611
KIWOOM CD금리액티브(합성),107330,10,-0.01,107317,0.63,645,69
RISE 중기우량회사채,107565,85,0.08,107553,0.64,2198,236
TIGER 소프트웨어,9765,15,-0.15,9773,25.21,506497,4951
KODEX 미국배당다우존스타겟커버..,9275,50,-0.54,9236,0.92,205771,1911
RISE 국고채10년액티브,107445,175,0.16,107394,-1.6,4626,496
TIGER 바이오TOP10,8305,115,-1.37,8316,13.17,1137013,9460
KoAct 바이오헬스케어액티브,16745,240,-1.41,16738,20.16,548615,9167
RISE 단기국공채액티브,113625,10,0.01,113612,0.68,3560,404
PLUS 한화그룹주,24525,745,3.13,24535,25.26,290029,7112
HK 종합채권(AA-이상)액티브,111320,0,0.0,111415,-0.69,0,0
TIGER 미국배당다우존스타겟데일..,8835,40,-0.45,8798,4.63,212980,1882
RISE 코스피,33615,215,0.64,33676,28.77,7916,265
TIGER 미국채10년선물,12415,5,-0.04,12409,-1.86,336393,4180
ACE 미국500데일리타겟커버드콜(..,10125,0,0.0,10096,14.83,138894,1404
KODEX 2차전지핵심소재10,4225,125,3.05,4228,14.17,4412029,18553
TIMEFOLIO Korea플러스배당액티..,16935,130,0.77,16938,40.16,403403,6779
TIMEFOLIO 글로벌우주테크&방산..,18330,75,0.41,18235,23.47,304069,5568
KODEX 200미국채혼합,14375,60,0.42,14371,10.37,190544,2738
SOL 미국S&P500,18205,55,-0.3,18152,16.36,43625,794
KODEX 로봇액티브,17050,75,0.44,17022,25.41,571040,9703
KIWOOM 미국양자컴퓨팅,11915,105,0.89,11770,60.66,314146,3720
RISE 국채선물10년인버스,54655,190,-0.35,54683,3.19,16,0
RISE AI&로봇,10270,25,0.24,10257,13.71,355149,3631
KODEX 미국S&P500선물(H),28105,0,0.0,28105,18.36,11381,319
KODEX 차이나CSI300,12900,120,0.94,12898,8.08,73624,947
ACE KPOP포커스,12510,515,4.29,12521,18.41,1186737,14669
TIGER 국고채30년스트립액티브,59780,50,0.08,59683,-8.06,11554,689
TIGER 여행레저,3810,25,0.66,3797,28.26,526542,1995
KODEX 바이오,9695,155,-1.57,9699,16.91,912844,8852
ACE 미국WideMoat동일가중,27140,120,-0.44,27035,14.93,18722,507
1Q K200액티브,14115,85,0.61,14153,31.55,25762,363
TIGER BBIG,6970,50,0.72,6967,21.51,68617,476
KIWOOM 26-09회사채(AA-이상)액..,52780,0,0.0,52781,0.81,988,52
1Q 현대차그룹채권(A+이상)&국고..,51545,5,-0.01,51563,0.78,204,10
파워 종합채권(AA-이상)액티브,102640,0,0.0,102673,-0.72,0,0
TIGER 미국S&P500동일가중,10885,15,-0.14,10849,10.76,57580,626
TIGER 미디어컨텐츠,7135,195,2.81,7113,21.65,434888,3072
KODEX 은선물(H),6725,30,0.45,6729,16.64,493499,3311
WON 전단채플러스액티브,51395,5,0.01,51387,0.82,6518,334
RISE IT플러스,17150,105,0.62,17146,22.62,11603,198
TIGER 코리아밸류업,12705,90,0.71,12708,30.51,184771,2341
TIGER 글로벌혁신블루칩TOP10,16460,5,0.03,16402,21.62,22866,376
KODEX AI반도체핵심장비,10370,0,0.0,10383,35.17,709552,7343
RISE 수소경제테마,15300,335,2.24,15333,41.81,312343,4742
TIGER 차이나과창판STAR50(합성),7885,5,-0.06,8031,-0.69,36149,285
KODEX 미국AI테크TOP10,12300,15,-0.12,12235,36.36,194511,2392
KIWOOM 단기자금,103305,0,0.0,103303,0.7,3840,396
RISE 코리아밸류업,12700,60,0.47,12698,31.11,582346,7383
TIGER 인도빌리언컨슈머,10145,35,-0.34,10180,1.65,47579,483
SOL 2차전지소부장Fn,4085,145,3.68,4076,14.7,888833,3592
RISE 25-11 회사채(AA-이상)액티..,52560,10,0.02,52558,0.73,3047,160
RISE 2차전지액티브,6000,150,2.56,5982,6.75,292575,1735
ACE 엔비디아밸류체인액티브,10490,75,-0.71,10473,59.35,785536,8245
SOL 국고채10년,109025,70,0.06,109064,-1.49,309,33
PLUS 국공채머니마켓액티브,51535,10,0.02,51519,0.73,16392,844
TIGER 미국MSCI리츠(합성 H),12365,65,-0.52,12457,4.13,22611,279
TIGER 미국S&P500선물(H),66975,85,-0.13,66967,17.93,5894,394
KODEX 코스피100,33430,300,0.91,33477,30.67,84158,2809
ACE 단기통안채,101975,15,0.01,101980,0.66,2332,237
RISE 미국AI밸류체인데일리고정..,11805,75,-0.63,11727,49.43,699340,8248
TIGER 미국AI빅테크10,12370,15,-0.12,12314,33.39,131706,1630
HK 26-12 회사채(AA-이상)액티브,102320,0,0.0,102343,0.75,0,0
PLUS 코스피TR,17750,125,0.71,17708,28.37,8189,144
KODEX 신재생에너지액티브,24620,660,2.75,24606,49.43,507594,12432
TIGER 글로벌AI전력인프라액티브,15835,135,0.86,15722,51.25,141458,2241
SOL 25-09 회사채(AA-이상)액티..,54560,5,0.01,54556,0.72,3817,208
KODEX 미국나스닥100선물(H),26505,0,0.0,26426,25.05,17537,464
TIGER 골드선물(H),21185,225,1.07,21186,-0.99,31899,673
TIGER TDF2045,10465,30,-0.29,10432,13.34,401825,4211
TIMEFOLIO K바이오액티브,14275,225,-1.55,14276,19.39,677534,9668
TIGER 글로벌AI플랫폼액티브,13040,115,0.89,12965,28.73,20350,265
KODEX 삼성그룹밸류,9630,25,0.26,9660,23.97,14080,135
TIGER 200TR,25280,190,0.76,25298,31.67,20057,506
ACE 미국30년국채엔화노출액티브..,8670,35,0.41,8642,-9.32,111598,963
HANARO 200TR,56545,405,0.72,56635,31.37,6066,342
TIGER 미국S&P500배당귀족,12130,50,-0.41,12094,4.28,42453,515
HANARO 25-12 은행채(AA+이상)액..,10275,0,0.0,10271,0.83,587,6
1Q 25-08 회사채(A+이상)액티브,109075,20,0.02,109070,0.7,816,88
KIWOOM 25-09 회사채(AA-이상)액..,51495,0,0.0,51500,0.74,0,0
ACE 중국본토CSI300,28770,100,0.35,28979,7.9,2206,63
ACE 미국빅테크TOP7 Plus레버리..,28700,140,0.49,28498,62.18,51438,1477
KODEX 배당가치,17300,65,0.38,17256,30.26,22533,388
KODEX 메타버스액티브,8160,130,1.62,8185,16.11,31963,260
TIGER 200선물레버리지,19375,270,1.41,19370,70.73,198741,3840
TIGER 배당커버드콜액티브,11980,55,0.46,11997,22.53,36595,438
BNK 26-06 특수채(AAA이상)액티..,51100,5,0.01,51094,0.64,1,0
TIGER 미국다우존스30,30155,200,-0.66,30067,10.93,10331,311
마이티 26-09 특수채(AAA)액티브,106580,0,0.0,106600,0.72,0,0
RISE 메타버스,6845,55,0.81,6827,18.5,27015,183
KODEX 미국S&P500데일리커버드콜..,9370,20,0.21,9299,13.75,84574,789
KODEX 반도체레버리지,11740,140,1.21,11802,58.8,473077,5530
KODEX 삼성전자채권혼합,11300,60,0.53,11305,6.03,232421,2629
KODEX 성장주,17655,175,1.0,17693,27.28,23852,420
TIGER 2차전지TOP10레버리지,1194,70,6.23,1192,19.7,11078473,13007
PLUS 고배당주위클리커버드콜,11125,70,-0.63,11137,30.11,378731,4209
KIWOOM 단기채권ESG액티브,108625,10,0.01,108626,0.72,12775,1387
RISE 코스닥150,13600,20,-0.15,13679,16.81,16964,231
ACE 11월만기자동연장회사채AA-..,10670,10,-0.09,10678,0.8,17693,188
TIGER 인터넷TOP10,4640,15,-0.32,4642,23.8,790584,3662
RISE 미국S&P500(H),15225,10,-0.07,15193,18.3,25493,387
TIGER 중국소비테마,8225,10,-0.12,8233,25.8,73310,602
SOL 화장품TOP3플러스,15535,50,-0.32,15558,41.68,284914,4416
TIGER 국채3년,106550,140,0.13,106507,0.12,1763,187
SOL K방산,24750,520,2.15,24796,35.8,183932,4533
SOL KEDI메가테크액티브,23305,185,0.8,23315,39.77,261214,6053
RISE 미국테크100데일리고정커버..,10255,10,0.1,10186,25.72,376051,3849
TIGER 차이나CSI300레버리지(합..,18790,190,1.02,19166,12.39,32994,617
RISE 국고채3년선물인버스,110680,105,-0.09,110701,1.11,5,0
RISE 2차전지TOP10인버스(합성),33875,780,-2.25,33909,-12.55,209005,7170
HANARO 종합채권(AA-이상)액티브,114670,0,0.0,114702,-0.85,287,32
ACE 미국반도체데일리타겟커버드..,9965,15,-0.15,9956,37.83,72016,716
KODEX 미디어&엔터테인먼트,13830,55,0.4,13864,20.98,184980,2559
1Q 미국S&P500,10675,45,-0.42,10647,16.38,239565,2560
TIGER 글로벌AI&로보틱스 INDXX,13145,5,-0.04,13125,20.09,57005,748
RISE 대형고배당10TR,24060,135,0.56,24063,34.26,198283,4765
TIGER Fn메타버스,7740,90,1.18,7762,19.33,37959,293
RISE 코스닥150선물레버리지,10535,40,-0.38,10513,34.63,43148,454
ACE 8월만기자동연장회사채AA-이..,10550,5,-0.05,10560,0.72,4737,50
TIGER AI반도체핵심공정,9170,0,0.0,9173,26.03,410495,3752
RISE ESG사회책임투자,15985,65,0.41,16049,32.87,35149,562
TIGER 글로벌4차산업혁신기술(합..,18430,60,0.33,18551,21.25,27288,502
ACE 미국주식베스트셀러,19070,15,-0.08,19092,32.81,195885,3758
KODEX TRF5050,16670,5,-0.03,16655,6.75,33337,554
HANARO Fn조선해운,25060,510,2.08,25154,23.68,123425,3084
KODEX 미국10년국채선물,11715,10,-0.09,11713,-2.21,61434,720
파워 200,44105,340,0.78,44146,31.5,63,2
KIWOOM 미국S&P500,17535,80,-0.45,17491,17.28,2521,44
RISE 고배당,17205,25,-0.15,17239,32.1,65225,1124
TIGER 증권,9615,85,-0.88,9621,67.5,800862,7646
SOL CD금리&머니마켓액티브,50100,5,0.01,50097,0.78,20931,1048
SOL 미국S&P500ESG,16955,5,-0.03,16826,15.87,57514,973
HANARO 머니마켓액티브,51785,10,0.02,51782,0.75,1615,83
RISE 버크셔포트폴리오TOP10,12305,75,-0.61,12306,2.06,67509,830
ACE 미국30년국채선물레버리지(..,5260,15,0.29,5283,-5.67,148621,779
TIGER 현대차그룹+펀더멘털,34200,0,0.0,34294,29.73,40352,1382
TIGER Fn신재생에너지,14090,445,3.26,14088,66.22,280214,3913
ACE 단기채권알파액티브,110915,15,0.01,110926,0.73,1899,210
PLUS 신흥국MSCI(합성 H),11220,135,1.22,11251,14.75,23418,262
KODEX 미국달러선물인버스,8105,25,0.31,8129,1.57,17672,143
TIMEFOLIO 코스피액티브,11795,215,1.86,11769,22.28,57800,677
TIGER 코스닥150 레버리지,10525,30,-0.28,10503,34.8,207948,2185
KoAct 글로벌AI&로봇액티브,16575,25,0.15,16541,36.89,97609,1617
TIGER 글로벌온디바이스AI,11425,70,-0.61,11415,30.31,55641,636
KODEX 헬스케어,19285,245,-1.25,19330,16.46,446984,8622
TIGER 경기방어,11825,55,-0.46,11845,19.27,10535,124
TIGER 미국배당다우존스타겟커버..,10810,80,-0.73,10789,3.68,18536,200
WON 25-09 회사채(AA-이상)액티..,54910,5,-0.01,54915,0.72,112,6
TIGER 200선물인버스2X,1372,21,-1.51,1372,-42.91,3591735,4935
KODEX 미국휴머노이드로봇,13260,75,0.57,13181,39.23,680250,9020
RISE 2차전지TOP10,8290,205,2.54,8289,9.7,202434,1662
HANARO Fn K-POP&미디어,9475,330,3.61,9472,17.62,311268,2924
RISE 중국본토대형주CSI100,19045,125,0.66,19126,6.47,9182,174
KODEX TRF7030,19560,20,0.1,19516,10.21,19164,374
RISE 미국배당100데일리고정커버..,8865,50,-0.56,8824,5.14,278051,2471
KODEX 미국S&P500버퍼3월액티브,10045,20,-0.2,10091,9.64,4871,48
PLUS 미국S&P500(H),25040,5,-0.02,24991,17.86,6443,161
ACE 원자력테마딥서치,32100,615,1.95,32127,58.72,47443,1505
KODEX 배당성장채권혼합,14570,25,-0.17,14549,9.89,54650,795
KODEX 미국나스닥AI테크액티브,17330,50,-0.29,17235,38.98,21847,378
SOL 미국양자컴퓨팅TOP10,18040,5,0.03,17808,82.63,381231,6834
ACE 포스코그룹포커스,5500,125,2.33,5496,14.36,1263107,6889
TIGER 레버리지,25120,340,1.37,25135,71.07,132390,3318
TIGER 코스피고배당,19950,55,-0.27,19984,34.63,40158,801
ACE 주주환원가치주액티브,16240,90,-0.55,16257,19.84,68982,1117
TIGER 200 헬스케어,20490,330,-1.59,20525,13.19,861308,17674
KODEX 글로벌비만치료제TOP2 Plu..,9560,45,-0.47,9584,5.6,37543,359
KIWOOM 미국나스닥100(H),18535,15,0.08,18480,24.53,136117,2519
KODEX 아시아달러채권ESG플러스..,60630,145,-0.24,60515,1.2,63,3
ACE 글로벌인컴TOP10 SOLACTIVE,10905,45,-0.41,10876,5.61,24882,271
ACE 중장기국공채액티브,108965,95,0.09,108991,0.01,447,48
KODEX WTI원유선물(H),14905,125,-0.83,14882,10.31,50397,752
KODEX 코스피TR,16335,80,0.49,16364,28.8,25949,423
TIGER 일본엔선물,8880,20,0.23,8888,-6.14,205191,1818
WON 대한민국국고채액티브,58520,80,0.14,58550,-2.03,1605,93
HANARO CAPEX설비투자iSelect,24280,340,1.42,24321,59.61,26764,645
SOL 미국TOP5채권혼합40 Solacti..,13840,55,0.4,13767,10.41,39796,551
TIGER 글로벌비만치료제TOP2Plus,8855,145,-1.61,8814,1.41,64699,573
KIWOOM 국고채30년액티브,63970,95,0.15,64027,-5.37,6964,444
KIWOOM 미국달러선물인버스,8420,25,0.3,8450,1.33,321,2
KODEX 미국달러선물,13955,40,-0.29,13949,-0.99,69209,967
TIGER 미국S&P500레버리지(합성 ..,49200,120,-0.24,49071,39.46,4363,214
KODEX 차이나H레버리지(H),2905,50,1.75,2922,27.17,345194,1005
TIGER 미국나스닥바이오,22430,400,-1.75,22395,9.76,27594,619
KODEX Top10동일가중,8170,65,0.8,8176,17.31,3874,31
HANARO e커머스,12380,90,-0.72,12393,26.13,17356,214
PLUS 미국채30년액티브,49645,0,0.0,49471,-3.46,21111,1046
SOL 한국형글로벌반도체액티브,21505,90,-0.42,21455,41.74,34632,743
ACE AI반도체포커스,15515,95,0.62,15549,27.99,101765,1579
TIGER 차이나HSCEI,13385,95,0.71,13365,10.59,21930,293
KIWOOM 고배당,15425,180,-1.15,15454,37.89,264079,4073
마이다스 코스피액티브,26150,40,0.15,26245,28.49,276,7
SOL 미국30년국채액티브(H),8685,35,0.4,8649,-2.2,9549,82
TIGER 배당성장,25840,160,-0.62,25865,37.02,27275,705
RISE 미국달러SOFR금리액티브(합..,11640,0,0.0,11662,-1.27,271,3
HANARO 200선물레버리지,28170,415,1.5,28188,70.91,2582,72
에셋플러스 글로벌플랫폼액티브,15235,80,0.53,15173,37.4,12576,191
KIWOOM 코리아밸류업,12630,120,0.96,12627,30.41,104,1
ACE 인도컨슈머파워액티브,9370,95,-1.0,9421,4.82,9120,85
KODEX 건설,4245,10,-0.24,4256,34.99,450092,1902
KODEX iShares미국하이일드액티..,11215,20,-0.18,11208,2.36,70765,794
SOL 자동차TOP3플러스,11045,95,-0.85,11073,16.47,57305,636
RISE 국고채3년,110020,105,0.1,109982,0.24,103,11
KODEX 미국러셀2000(H),13285,110,-0.82,13260,18.86,11401,151
TIMEFOLIO 미국S&P500액티브,24005,20,0.08,23919,32.37,32516,780
PLUS 우주항공&UAM,24245,80,0.33,24293,35.57,30517,738
아이엠에셋 200,43915,315,0.72,43992,30.95,1004,44
SOL 미국나스닥100,13520,40,-0.29,13466,22.93,33164,448
ACE 삼성그룹섹터가중,16590,75,0.45,16601,23.81,6375,105
ACE 2월만기자동연장회사채AA-이..,10565,0,0.0,10574,0.76,3880,40
KODEX 배당성장,20670,130,-0.62,20694,36.6,53188,1099
ACE 200TR,28990,205,0.71,29029,31.53,11353,328
RISE 코리아금융고배당,14280,110,-0.76,14282,49.07,413493,5876
KoAct 코리아밸류업액티브,12805,60,0.47,12776,30.83,297380,3792
PLUS 고배당주위클리고정커버드..,12560,75,-0.59,12581,36.18,122873,1541
RISE 미국30년국채커버드콜(합성..,8750,10,-0.11,8712,-1.86,27292,238
TIGER 엔비디아미국채커버드콜밸..,9600,10,0.1,9577,13.59,50870,487
KODEX 친환경조선해운액티브,24540,720,3.02,24543,27.62,46046,1123
ACE 라이프자산주주가치액티브,14045,110,-0.78,14097,32.77,32797,460
KODEX 미국S&P500금융,17870,260,-1.43,18021,10.37,25921,467
PLUS 국고채10년액티브,56125,50,0.09,56115,-1.57,113,6
TIGER 차이나전기차레버리지(합..,6270,100,1.62,6386,19.0,26533,165
KODEX TDF2030액티브,13185,20,-0.15,13159,4.63,29064,382
TIGER 차이나바이오테크SOLACTIV..,8290,160,-1.89,8274,37.85,113292,947
KODEX 차이나H,23360,255,1.1,23333,10.79,13761,321
PLUS 단기채권액티브,117830,15,0.01,117833,0.74,638,75
TIGER 200 건설,4415,25,-0.56,4428,46.73,533080,2346
RISE 금융채액티브,103765,80,0.08,103745,0.67,2574,266
RISE 미국AI밸류체인TOP3Plus,14300,105,-0.73,14248,52.68,56102,800
ACE 글로벌자율주행액티브,11720,20,0.17,11713,24.87,266281,3124
PLUS 글로벌방산,16505,360,2.23,16486,9.32,104845,1727
HANARO MSCI Korea TR,18030,55,0.31,18092,29.55,100,1
KIWOOM 통안채1년,104650,10,0.01,104657,0.67,300,31
ACE 5월만기자동연장회사채AA-이..,10545,5,-0.05,10549,0.67,2142,22
KODEX 보험,12115,175,-1.42,12152,48.52,305073,3693
KODEX TDF2040액티브,14175,30,-0.21,14139,7.56,21677,307
SOL 코리아밸류업TR,12820,65,0.51,12817,31.49,25332,323
KODEX 미국S&P500산업재(합성),36355,305,-0.83,36418,18.53,4972,181
WON 200,44750,320,0.72,44797,32.09,601,26
PLUS 선진국MSCI(합성 H),13655,5,-0.04,13663,7.86,15175,207
KODEX 200IT TR,12785,85,0.67,12807,31.81,10417,133
TIGER 차이나반도체FACTSET,6690,20,0.3,6706,-1.4,37107,248
RISE 컨택트대표,7885,110,1.41,7865,23.06,399,3
HANARO 32-10 국고채액티브,57740,125,0.22,57761,-1.5,156,8
DAISHIN343 K200,44080,335,0.77,44147,31.6,14722,648
KODEX 200ESG,16915,185,1.11,16912,30.88,7619,128
FOCUS AI코리아액티브,15770,140,0.9,15788,29.75,432,6
KODEX 미국달러선물레버리지,15640,100,-0.64,15629,-2.72,12526,196
PLUS 200TR,51225,385,0.76,51273,31.3,1251,64
TIGER 구리실물,12170,70,0.58,12052,3.82,41264,501
KODEX 인도타타그룹,8955,25,-0.28,8965,0.34,14939,133
WON 미국S&P500,16545,45,-0.27,16496,16.71,8797,145
KoAct 미국나스닥성장기업액티브,11780,35,-0.3,11713,45.42,225605,2656
KODEX 국채선물10년,70550,175,0.25,70570,-1.96,1085,76
TIGER 게임TOP10,6010,60,1.01,6026,21.68,110681,666
HANARO Fn K-뉴딜디지털플러스,8035,65,0.82,8013,16.78,3960,31
RISE 글로벌리얼티인컴,10225,25,0.25,10225,1.14,12736,130
TIGER 차이나항셍테크레버리지(..,9065,240,2.72,9136,23.77,80347,729
KIWOOM 미국달러선물,15855,45,-0.28,15842,-1.09,1341,21
KODEX 미국S&P500배당귀족커버드..,7745,5,-0.06,7706,-1.47,18027,139
WON 단기국공채액티브,54020,10,-0.02,54032,0.72,847,45
HANARO K-뷰티,16705,0,0.0,16666,35.14,175065,2910
TIGER 인버스,3870,30,-0.77,3867,-23.83,76115,294
TIGER 유로스탁스50(합성 H),19550,120,-0.61,19530,10.94,7954,155
1Q 종합채권(AA-이상)액티브,101105,95,0.09,101106,-0.75,37,3
WON 종합채권(AA-이상)액티브,52090,30,0.06,52096,-0.6,559,29
RISE 미국반도체NYSE(H),15480,30,0.19,15428,46.54,43783,676
RISE 헬스케어,15360,175,-1.13,15323,13.89,979032,14949
PLUS 글로벌원자력밸류체인,13550,430,3.28,13343,69.4,214083,2892
HANARO 글로벌생성형AI액티브,23650,45,0.19,23554,45.13,22771,538
TIGER 200 금융,12070,20,-0.17,12110,46.31,87635,1055
KODEX 미국부동산리츠(H),11905,40,0.34,11891,3.52,17953,213
RISE 플랫폼테마,8855,80,-0.9,8830,23.58,13248,117
KIWOOM 국고채10년레버리지,113445,455,0.4,113387,-4.13,102,11
RISE 내수주플러스,10270,30,-0.29,10291,21.32,9883,101
PLUS 미국장기우량회사채,91750,150,-0.16,91453,0.59,2488,228
PLUS 미국단기회사채(AAA~A),126680,225,-0.18,126432,-0.58,481,60
TIMEFOLIO 미국나스닥100채권혼..,10990,20,-0.18,10958,18.39,244825,2690
RISE 중국본토CSI300,11105,60,0.54,11195,7.81,2190,24
KODEX 한국대만IT프리미어,29215,5,0.02,29253,34.48,648,18
PLUS 코리아밸류업,12535,10,0.08,12587,31.29,4576,57
TIGER 인도니프티50레버리지(합..,41610,180,-0.43,41709,1.14,1146,47
TIGER 일본반도체FACTSET,13145,135,1.04,13148,29.2,7074,92
1Q 코리아밸류업,12540,15,0.12,12583,30.8,15224,191
KIWOOM 독일DAX,16930,240,-1.4,16974,14.3,6991,118
RISE 5G테크,12520,0,0.0,12535,31.98,9222,115
RISE 미국AI테크액티브,11370,55,-0.48,11392,40.18,5634,64
RISE 게임테마,9085,25,0.28,9075,15.05,13875,125
WON 미국빌리어네어,13430,25,0.19,13352,25.87,18509,248
TIGER 글로벌클라우드컴퓨팅INDX..,11675,90,0.78,11707,14.19,10778,125
PLUS 미국나스닥테크,38485,85,0.22,38359,30.14,1589,60
TIMEFOLIO 코리아밸류업액티브,12500,90,0.73,12496,36.22,53791,668
RISE 미국30년국채액티브,9250,5,0.05,9213,-4.38,15890,146
SOL 미국배당다우존스2호,10150,65,-0.64,10119,4.6,109870,1117
KIWOOM 국고채3년,110910,65,0.06,110899,0.19,44,4
KODEX 차이나심천ChiNext(합성),9810,45,0.46,9990,16.39,17352,170
KODEX 200롱코스닥150숏선물,10310,85,0.83,10327,12.49,943,9
TIMEFOLIO K컬처액티브,12895,135,1.06,12909,22.46,178982,2304
ACE 인도네시아MSCI(합성),8470,90,-1.05,8474,5.94,55949,474
KODEX 유럽탄소배출권선물ICE(H),10020,20,-0.2,9995,6.24,5941,59
KODEX 3대농산물선물(H),8020,40,0.5,8028,-8.12,35002,280
TIGER 글로벌AI사이버보안,15120,55,0.37,15019,6.62,26114,394
RISE TDF2050액티브,14045,35,-0.25,14017,12.42,32843,461
SOL KIS단기통안채,110825,5,0.0,110830,0.64,1,0
PLUS 일본반도체소부장,13635,185,1.38,13707,29.41,7842,106
TIGER 반도체TOP10레버리지,6790,80,1.19,6846,65.07,275725,1869
KODEX WTI원유선물인버스(H),3985,25,0.63,3993,-11.31,200101,796
KIWOOM 미국S&P500(H),15780,0,0.0,15749,17.91,23500,370
KODEX 에너지화학,11920,285,2.45,11929,28.63,342728,4084
RISE 차이나HSCEI(H),10880,115,1.07,10931,13.61,25768,280
KODEX 미국S&P500헬스케어,11230,120,-1.06,11164,-3.62,47625,534
WON 미국우주항공방산,21355,95,-0.44,21231,34.52,34231,731
HANARO 코리아밸류업,12575,30,-0.24,12627,31.74,522,6
SOL 미국AI반도체칩메이커,12000,50,-0.41,11936,52.94,30917,371
SOL 전고체배터리&실리콘음극재,10840,270,2.55,10873,5.81,271357,2915
마이티 다이나믹퀀트액티브,15525,100,0.65,15480,34.21,1021,15
PLUS 미국S&P500성장주,11595,40,-0.34,11578,24.23,18908,219
KODEX 미국테크TOP3플러스,13560,25,-0.18,13513,34.15,7122,96
HANARO 전력설비투자,18760,5,0.03,18796,60.64,109015,2023
TIGER 200커버드콜,8720,45,0.52,8774,7.15,34227,298
SOL 코스닥150,13420,35,-0.26,13510,16.54,2625,35
KoAct 배당성장액티브,11815,25,-0.21,11800,28.31,35613,419
KODEX 33-06 국고채액티브,11210,5,0.04,11220,-0.75,6849,76
TIGER 유로스탁스배당30,16700,30,0.18,16547,12.28,13683,228
RISE 글로벌테크놀로지(합성 H),34400,175,-0.51,34455,30.92,1493,51
TIGER 코스닥150바이오테크,16480,250,-1.49,16516,19.72,99771,1643
KODEX 탄소효율그린뉴딜,10700,100,0.94,10708,29.36,3249,34
ACE 일본Nikkei225(H),28500,105,0.37,28487,14.08,3282,93
RISE 200선물레버리지,23295,345,1.5,23276,70.7,46522,1079
KODEX 미국S&P500테크놀로지,15930,0,0.0,15817,32.4,19437,309
KODEX 차이나2차전지MSCI(합성),7270,150,2.11,7311,13.92,29391,212
KODEX 미국S&P500에너지(합성),14000,130,-0.92,13933,4.2,23830,331
KODEX 일본TOPIX100,22285,70,-0.31,22404,3.63,3665,81
KODEX 철강,12885,290,2.3,12936,45.46,187314,2407
TIGER 우선주,14485,35,0.24,14549,41.85,55152,797
KODEX 인도Nifty50레버리지(합성..,16745,0,0.0,16752,0.33,7803,130
RISE 중장기국공채액티브,111615,190,0.17,111566,-0.08,212,23
SOL 골드커버드콜액티브,10840,90,0.84,10779,-2.2,232378,2517
ACE 코스닥150,13800,10,-0.07,13859,16.64,19701,271
RISE 미국단기투자등급회사채액..,12065,35,-0.29,12065,0.12,10936,132
TIGER 글로벌이노베이션액티브,18045,55,-0.3,17994,24.14,2609,47
TIGER 200IT레버리지,33830,360,1.08,33857,69.51,4116,138
ACE 구글밸류체인액티브,11620,25,0.22,11543,40.8,72603,843
KODEX KRX300,20325,125,0.62,20335,30.34,4091,83
TIGER S&P글로벌헬스케어(합성),21610,150,-0.69,21505,-3.01,3868,83
KIWOOM 글로벌퓨처모빌리티,12730,200,1.6,12778,22.9,29261,372
TRUSTON 주주가치액티브,15845,275,-1.71,15927,37.95,71202,1130
KODEX 글로벌로봇(합성),19680,60,-0.3,19800,24.39,7127,140
ACE ESG액티브,9855,55,0.56,9886,34.99,6256,61
ACE 마이크로소프트밸류체인액티..,13020,15,-0.12,12965,32.47,24862,323
TIGER 200 에너지화학,12510,200,1.62,12502,40.16,72587,904
TIGER 미국달러선물인버스2X,5535,25,0.45,5555,2.89,5778,31
KODEX 일본부동산리츠(H),11620,10,-0.09,11620,6.27,8445,98
PLUS 코스피50,29500,290,0.99,29462,29.3,9944,292
KODEX 게임산업,7360,30,0.41,7343,13.29,45890,336
TIGER AI코리아그로스액티브,16190,30,0.19,16224,29.85,16231,263
HANARO Fn K-푸드,12810,10,-0.08,12816,9.4,75059,957
KODEX 차이나A50,22410,75,0.34,22434,6.89,605,13
KODEX 국채선물3년인버스,55525,0,0.0,55520,1.06,0,0
PLUS KOFR금리,107970,10,0.01,107984,0.63,851,91
TIGER 미국나스닥100ETF선물,11080,50,-0.45,11020,22.71,2567,28
KoAct 미국천연가스인프라액티브,9220,180,1.99,9171,2.73,67688,622
ACE 일본TOPIX레버리지(H),44220,80,-0.18,44319,23.85,51,2
HK 200,44210,290,0.66,44383,31.34,15697,694
TIGER 은행,12680,15,0.12,12700,46.57,345211,4362
KIWOOM 글로벌AI반도체,18270,235,-1.27,18160,49.57,10065,183
KODEX 미국나스닥100선물인버스(..,6905,0,0.0,6920,-20.36,88573,611
KODEX IT,18110,130,0.72,18128,26.85,11906,215
TIGER TSMC파운드리밸류체인,17240,195,-1.12,17165,39.45,6001,103
RISE 차이나항셍테크,8365,85,1.03,8368,10.7,765186,6415
KODEX iShares미국투자등급회사..,11155,15,-0.13,11126,0.55,10310,115
KODEX 53-09 국고채액티브,12225,5,0.04,12236,-4.68,6441,78
SOL 국고채3년,103250,40,0.04,103265,0.16,1137,117
KIWOOM 미국성장기업30액티브,15742,107,0.68,15681,22.39,1059,16
PLUS 미국S&P500,16205,60,-0.37,16158,16.66,4205,68
TIGER 미국AI반도체팹리스,13075,85,-0.65,12987,50.81,42552,555
TIGER 미국방산TOP10,10985,90,-0.81,10973,11.14,52937,581
ACE 차이나항셍테크,8295,100,1.22,8306,10.0,57788,477
KCGI 미국S&P500 TOP10,12895,0,0.0,12857,27.74,4552,58
PLUS 애플채권혼합,12075,90,-0.74,12182,1.83,18049,219
KODEX 인도Nifty미드캡100,11065,85,-0.76,11146,8.99,13594,150
KODEX 테슬라밸류체인FactSet,15585,165,1.07,15558,28.23,8790,137
KODEX 차이나AI테크액티브,13025,100,0.77,12962,15.14,17396,226
ACE FTSE WGBI Korea,100770,200,0.2,100750,-2.27,2,0
BNK 주주가치액티브,18320,30,0.16,18305,29.81,1419,25
KODEX KRX300레버리지,19725,275,1.41,19827,67.96,1279,25
SOL 반도체전공정,8740,65,-0.74,8750,23.32,21853,190
KODEX 웹툰&드라마,3515,25,0.72,3511,19.11,55337,194
TIGER 모멘텀,45150,190,0.42,45150,36.92,137205,6169
KODEX S&P글로벌인프라(합성),19925,100,0.5,19891,4.95,6029,120
RISE 200금융,16075,95,-0.59,16147,47.31,34104,549
KIWOOM 팔란티어미국30년국채혼..,10340,5,-0.05,10416,7.68,32202,332
파워 코스피100,32925,240,0.73,33004,30.98,566,18
PLUS 일본엔화초단기국채(합성),10050,15,0.15,10059,-6.69,39780,399
PLUS 미국다우존스고배당주(합성..,17610,80,0.46,17719,7.35,3768,66
RISE 200고배당커버드콜ATM,9675,85,-0.87,9716,18.46,39839,385
UNICORN SK하이닉스밸류체인액티..,12295,35,0.29,12298,39.87,56087,688
HANARO 글로벌럭셔리S&P(합성),20370,30,0.15,20405,17.1,1463,29
HANARO 고배당,17655,185,-1.04,17682,34.07,28015,496
RISE 글로벌주식분산액티브,14700,15,-0.1,14672,13.45,12187,179
PLUS 미국배당증가성장주데일리..,9245,10,-0.11,9218,9.6,13136,121
에셋플러스 코리아플랫폼액티브,8340,40,-0.48,8384,24.06,3294,27
TIGER 리츠부동산인프라채권,4730,10,0.21,4725,1.81,6859,32
KODEX 자율주행액티브,8135,20,0.25,8132,19.64,9847,80
ACE 미국달러단기채권액티브,11580,40,-0.34,11573,-0.98,39711,460
파워 K-주주가치액티브,13240,20,0.15,13242,32.48,496,6
KODEX 필수소비재,8520,115,-1.33,8549,25.91,96065,819
PLUS 국고채30년액티브,115915,50,0.04,115899,-4.85,125,14
KODEX 200가치저변동,14175,140,1.0,14139,31.4,77559,1096
PLUS 우량회사채50,120910,20,0.02,120909,0.59,869,105
HANARO Fn전기&수소차,8060,95,1.19,8041,24.69,7854,62
VITA MZ소비액티브,11220,45,0.4,11227,20.29,24819,278
TIGER 원유선물Enhanced(H),4255,30,-0.7,4243,9.17,20273,86
ACE 미국IT인터넷S&P(합성 H),20975,80,0.38,21038,24.49,2487,51
TIGER 코스닥150선물인버스,3405,10,0.29,3403,-14.59,34557,117
에셋플러스 차이나일등기업포커..,15975,225,-1.39,15920,21.48,4054,65
RISE 미국반도체NYSE,16605,5,-0.03,16517,43.83,21524,356
WON 반도체밸류체인액티브,11450,30,0.26,11478,38.01,7648,87
ACE 아시아TOP50S&P,19450,30,0.15,19513,21.79,2897,56
RISE 미국고정배당우선증권,11395,0,0.0,11377,2.01,19055,215
HANARO 코스닥150,13735,25,-0.18,13793,16.91,8348,114
1Q 차이나H(H),16450,200,1.23,16416,15.37,4355,71
RISE 삼성그룹Top3채권혼합,10145,15,0.15,10162,3.53,37139,376
PLUS 국채선물3년,57140,0,0.0,57166,0.13,0,0
KIWOOM 코스닥150,6815,10,-0.15,6863,16.87,4306,29
DAISHIN343 AI반도체&인프라액티..,9495,30,0.32,9535,27.39,2460,23
TIGER KEDI혁신기업ESG30,11955,5,0.04,11996,22.3,11669,139
TIGER 차이나클린에너지SOLACTIV..,5820,5,0.09,5924,5.44,5290,30
RISE 미국S&P원유생산기업(합성 ..,5830,80,1.39,5810,13.86,60420,351
RISE 테슬라미국채타겟커버드콜..,8905,20,0.23,8905,4.92,13103,116
KODEX 차이나과창판STAR50(합성),7965,105,-1.3,8182,-0.86,5228,42
TRUSTON 코리아밸류업액티브,13085,10,-0.08,13126,33.83,2056,26
RISE 채권혼합,66000,60,0.09,66103,8.46,609,40
ACE 러시아MSCI(합성),8535,0,0.0,49,0.0,0,0
TIGER 글로벌멀티에셋TIF액티브,11145,15,0.13,11100,3.53,16131,179
ACE 레버리지,10360,145,1.42,10361,71.11,76859,794
ACE 일본반도체,11915,20,0.17,11965,19.67,2022,24
KODEX 코스피대형주,15475,160,1.04,15482,28.63,6544,101
RISE 바이오TOP10액티브,12360,205,-1.63,12336,18.31,68970,848
KIWOOM 25-09 미국채권(AA-이상)..,54635,165,-0.3,54625,-1.07,885,48
ACE 글로벌AI맞춤형반도체,12230,65,-0.53,12155,45.33,15591,190
RISE V&S셀렉트밸류채권혼합,12720,40,0.32,12725,10.36,4433,56
KODEX 기계장비,10980,375,3.54,10954,38.48,50839,550
RISE 미국S&P배당킹,10750,25,-0.23,10719,1.66,6843,73
KODEX 미국ETF산업Top10 Indxx,17640,90,-0.51,17602,10.8,18480,325
RISE 헬스케어채권혼합,12475,85,-0.68,12478,4.93,11210,140
TIMEFOLIO 글로벌소비트렌드액티..,11495,5,0.04,11511,22.76,4384,50
KODEX 200 중소형,18610,10,0.05,18558,39.21,10936,202
KIWOOM 미국달러선물레버리지,14840,95,-0.64,14821,-2.92,67,0
KODEX 미국S&P500유틸리티,13485,125,0.94,13616,3.59,2528,34
TIGER K게임,7595,10,-0.13,7612,14.79,7678,58
PLUS 미국테크TOP10레버리지(합..,29495,45,-0.15,29274,73.82,3438,101
KODEX 미국S&P바이오(합성),25900,590,-2.23,25773,12.94,5931,153
PLUS TDF2060액티브,15710,5,0.03,15639,14.51,23947,376
SOL 의료기기소부장Fn,13160,110,0.84,13125,16.67,24420,318
TIGER 농산물선물Enhanced(H),5350,50,0.94,5350,-6.44,11374,60
PLUS 태양광&ESS,16990,425,2.57,16964,61.45,48999,825
SOL 반도체후공정,11975,25,0.21,11995,31.88,34970,417
KODEX 200exTOP,15845,45,0.28,15874,35.07,7562,119
KIWOOM KRX100,6755,30,0.45,6781,30.28,3572,24
RISE 미국휴머노이드로봇,12715,105,0.83,12642,29.67,28964,368
ACE 2차전지&친환경차액티브,6660,120,1.83,6647,13.23,30587,202
에셋플러스 코리아대장장이액티..,15455,105,0.68,15440,29.97,6194,95
RISE 글로벌수소경제,8180,225,2.83,8157,31.49,12839,104
ACE TDF2050액티브,10610,25,-0.24,10554,10.55,24855,263
KODEX 구리선물(H),9170,155,1.72,9179,15.21,65946,601
KODEX 우량주,10575,75,0.71,10601,27.38,261,2
KODEX MSCI Korea,19590,275,1.42,19547,29.55,1115,21
TIGER 퓨처모빌리티액티브,7375,180,2.5,7397,11.72,4294,31
RISE 배터리 리사이클링,8950,115,1.3,8956,13.18,16645,148
에셋플러스 글로벌일등기업포커..,16760,45,-0.27,16721,28.58,663,11
RISE 5대그룹주,6690,20,0.3,6712,22.81,5437,36
ACE 코스피,33270,395,1.2,33233,28.51,4125,136
KODEX 코스닥글로벌,13305,35,-0.26,13387,22.16,367,4
PLUS 글로벌수소&차세대연료전지,3625,30,0.83,3620,28.62,32266,117
HANARO Fn K-게임,4485,10,0.22,4482,14.45,16349,73
KODEX 모멘텀주,18860,250,1.34,18879,33.31,17782,332
RISE 200선물인버스2X,1305,20,-1.51,1303,-42.64,138587,180
TIGER 미국캐시카우100,12495,15,-0.12,12480,11.96,2921,36
ITF 200,43605,345,0.8,43620,31.56,156,6
ACE 멕시코MSCI(합성),14530,75,-0.51,14556,9.65,1104,16
에셋플러스 글로벌대장장이액티..,21005,20,-0.1,20968,31.65,382,8
KODEX 유럽명품TOP10 STOXX,10015,60,-0.6,10019,5.6,10364,103
ACE 미국하이일드액티브(H),9960,25,0.25,9898,3.13,18121,180
HANARO 200 TOP10,8910,45,0.51,8913,18.8,129,1
TIGER 글로벌자원생산기업(합성 ..,15165,5,-0.03,15331,8.63,2943,44
마이티 바이오시밀러&CDMO액티브,10210,65,-0.63,10206,8.9,4756,48
KIWOOM 블루칩,10510,15,0.14,10543,28.16,505,5
KODEX 미국S&P500필수소비재,12000,80,-0.66,12019,-2.3,5339,64
FOCUS ESG리더스,13980,30,0.22,14012,30.51,3,0
ACE 미국친환경그린테마INDXX,9270,20,0.22,9308,18.82,801,7
TIGER 한중반도체(합성),16685,0,0.0,16795,11.01,15,0
KODEX iShares미국인플레이션국..,10960,30,-0.27,10941,-0.35,11371,124
ACE 글로벌브랜드TOP10블룸버그,17815,85,-0.47,17742,15.06,711,12
ACE 국고채3년,103735,110,0.11,103732,0.13,547,56
TIGER LG그룹+펀더멘털,7475,100,1.36,7469,24.47,26817,200
RISE 중국MSCI China(H),10325,105,1.03,10344,13.94,8092,83
RISE 국채30년레버리지(합성),24710,90,0.37,24682,-10.72,70,1
에셋플러스 글로벌영에이지액티..,19835,30,0.15,19800,32.25,307,6
TREX 펀더멘탈 200,48890,245,0.5,48833,33.43,2,0
TIGER 일본TOPIX(합성 H),24270,170,0.71,24278,11.01,684,16
KODEX 가치주,13365,50,0.38,13381,32.92,2317,30
마이티 코스피100,33380,340,1.03,33357,30.56,484,16
파워 고배당저변동성,44370,120,-0.27,44411,34.23,3551,157
RISE 유로스탁스50(H),14940,110,-0.73,14989,8.66,34750,519
HANARO KOFR금리액티브(합성),108275,30,0.03,108268,0.65,1,0
TIGER 차이나항셍30,21605,85,0.39,21623,10.16,3347,72
PLUS 200선물레버리지,47005,690,1.49,46963,71.06,897,42
KODEX 미국S&P500경기소비재,16725,115,0.69,16716,16.59,731,12
TIGER 탄소효율그린뉴딜,10635,65,0.61,10676,29.19,15912,169
KIWOOM 물가채KIS,116910,90,0.08,116867,-0.7,170,19
HK 베스트일레븐액티브,12260,215,1.78,12291,25.47,14,0
KIWOOM 미국달러선물인버스2X,4810,30,0.63,4845,2.03,2852,13
ACE 코리아밸류업,12870,75,0.59,12880,31.08,2837,36
KODEX 운송,6085,105,-1.7,6093,26.12,45275,275
TIGER 차이나CSI300인버스(합성),7215,5,0.07,7229,-5.32,274,1
KIWOOM 200선물레버리지,23000,325,1.43,22977,70.75,53111,1218
HANARO 미국S&P500,16375,60,-0.37,16331,15.93,1840,30
PLUS 미국테크TOP10,19100,20,0.1,19068,31.67,5347,102
ACE 애플밸류체인액티브,10865,5,0.05,10833,25.12,13401,145
TIGER MKF배당귀족,16280,110,-0.67,16307,25.99,4597,74
KODEX 기후변화솔루션,12550,275,2.24,12590,34.76,10135,127
ACE 인도시장대표BIG5그룹액티브,8675,25,-0.29,8696,3.39,10197,88
PLUS 글로벌휴머노이드로봇액티..,11805,100,0.85,11876,18.95,16428,194
RISE 중소형고배당,15825,50,-0.31,15863,36.71,9442,149
KODEX 미국S&P500커뮤니케이션,16905,50,-0.29,16860,15.1,1159,19
KODEX 대만테크고배당다우존스,9960,0,0.0,9948,19.57,2781,27
TIGER S&P글로벌인프라(합성),15640,30,0.19,15841,4.68,790,12
RISE 국채선물10년,55605,90,0.16,55650,-1.94,820,45
ACE 삼성그룹동일가중,21605,15,0.07,21664,31.01,2641,57
ACE 골드선물 레버리지(합성 H),35865,675,1.92,35979,-3.56,3861,137
TIGER 코리아테크액티브,10750,25,0.23,10768,36.71,2296,24
TIMEFOLIO K이노베이션액티브,8930,20,-0.22,8974,18.78,6936,62
ACE 장기자산배분액티브,10710,25,0.23,10678,13.07,307,3
VITA 밸류알파액티브,15300,65,0.43,15366,18.84,16456,252
HANARO 주주가치성장코리아액티..,13330,115,0.87,13363,35.82,2000,26
PLUS 고배당저변동50,16370,65,-0.4,16315,29.54,16234,264
ITF K-AI반도체코어테크,12455,40,0.32,12516,35.08,6870,85
에셋플러스 인도일등기업포커스2..,10800,20,0.19,10781,3.9,1608,17
RISE 미국S&P500엔화노출(합성 H..,10580,60,0.57,10603,10.04,278,2
PLUS 미국양자컴퓨팅TOP10,14070,20,-0.14,14055,54.58,25904,364
HK S&P코리아로우볼,16595,0,0.0,16717,26.53,0,0
TIGER 코스피대형주,16055,115,0.72,16085,28.72,17754,284
ACE TDF2030액티브,10425,5,0.05,10377,6.0,6297,65
SOL KRX300,20685,105,0.51,20752,29.82,3,0
TIMEFOLIO K신재생에너지액티브,14675,430,3.02,14681,31.78,11256,163
TIGER 이머징마켓MSCI레버리지(..,9685,135,1.41,9781,33.57,406,3
TIGER KRX300,20500,200,0.99,20513,29.93,1021,20
PLUS S&P글로벌인프라,18480,150,0.82,18538,4.17,7017,129
KODEX 한중반도체(합성),16920,65,-0.38,17003,11.45,40,0
SOL 머니마켓액티브,51740,5,0.01,51738,0.61,7317,378
KODEX 혁신기술테마액티브,16890,125,0.75,16888,25.53,838,14
PLUS ESG성장주액티브,10630,20,0.19,10610,28.43,64,0
KODEX 미국클린에너지나스닥,6730,105,1.58,6728,33.97,26198,176
PLUS K리츠,6690,10,0.15,6695,1.66,3690,24
HANARO 글로벌금채굴기업,18115,190,-1.04,18356,-1.0,3383,61
ACE 미국부동산리츠(합성 H),82345,5,0.01,82438,3.49,172,14
KIWOOM 미국달러SOFR금리액티브(..,12080,35,-0.29,12070,-0.53,234,2
RISE 미국양자컴퓨팅,13940,10,-0.07,13939,54.06,25133,349
KIWOOM 코스피100,32430,260,0.81,32452,30.57,2508,81
KODEX 미국스마트모빌리티S&P,6485,35,0.54,6472,35.79,9410,60
WON 한국부동산TOP3플러스,9690,55,-0.56,9748,1.86,1495,14
RISE TDF2040액티브,13695,35,0.26,13667,10.03,6618,90
WON AI ESG액티브,11930,80,0.68,11908,31.16,5901,70
HANARO 탄소효율그린뉴딜,10580,80,0.76,10556,29.36,2239,23
TIGER 금은선물(H),14570,135,0.94,14507,-0.31,14192,206
TIGER 미국달러선물레버리지,15725,115,-0.73,15706,-2.64,1338,21
KoAct 글로벌양자컴퓨팅액티브,14495,45,-0.31,14451,61.56,25441,368
RISE 주식혼합,46585,0,0.0,46706,21.54,339,15
KoAct 글로벌친환경전력인프라액..,18495,430,2.38,18415,37.95,7483,138
KODEX 아시아AI반도체exChina액..,18485,90,-0.48,18627,32.19,82,1
TIGER MSCI KOREA ESG리더스,11380,80,0.71,11403,38.8,3853,43
KODEX 멀티팩터,15360,0,0.0,15442,28.96,0,0
SOL 미국500타겟커버드콜액티브,10185,5,-0.05,10184,15.94,94579,966
RISE 테슬라애플아마존채권혼합,15255,160,1.06,15165,6.64,7593,115
KODEX KTOP30,18210,75,0.41,18226,23.82,2960,53
HANARO 글로벌워터MSCI(합성),15110,45,0.3,15045,9.25,367,5
SOL 국고채30년액티브,56185,130,0.23,56171,-4.96,187,10
TIGER 200 생활소비재,11815,20,-0.17,11836,30.23,11321,133
KIWOOM K-테크TOP10,12800,50,0.39,12799,31.0,2733,34
KODEX 모멘텀Plus,14900,15,-0.1,14926,21.33,552,8
KODEX K-뉴딜디지털플러스,8075,50,0.62,8096,16.47,4334,35
BNK 미래전략기술액티브,14720,90,0.62,14709,31.15,1021,14
KODEX MSCI KOREA ESG유니버설,12600,20,0.16,12646,32.69,13,0
TIGER 우량가치,16300,5,0.03,16283,38.87,8209,133
ACE 미국중심중소형제조업,9750,50,-0.51,9739,25.24,11006,107
HANARO 바이오코리아액티브,12530,230,-1.8,12525,15.32,20280,253
TREX 200,43700,330,0.76,43728,31.28,32,1
KODEX 200동일가중,14360,160,1.13,14318,32.11,771,10
RISE 미국은행TOP10,10135,75,0.75,10118,25.99,13260,134
TIGER 미국소비트렌드액티브,8590,40,0.47,8639,13.4,214,1
SOL 글로벌탄소배출권선물ICE(합..,12145,80,-0.65,12196,6.07,1370,16
에셋플러스 글로벌다이나믹시니..,16280,35,-0.21,16263,19.48,22,0
마이다스 중소형액티브,28160,145,0.52,28196,31.06,142,3
TIGER 미국S&P500선물인버스(H),2740,5,0.18,2736,-15.59,36844,100
PLUS 코스피,33175,140,0.42,33211,28.41,886,29
RISE 인도디지털성장,10340,5,-0.05,10350,7.82,2538,26
SOL 200 Top10,9140,75,0.83,9134,18.56,760,6
RISE V&S셀렉트밸류,16430,80,0.49,16498,25.32,5,0
TIGER 유로스탁스레버리지(합성 ..,12625,10,0.08,12650,18.28,553,6
RISE 글로벌데이터센터리츠(합성..,12560,90,-0.71,12612,10.05,9137,115
TIGER 단기선진하이일드(합성 H),13600,30,0.22,13521,5.03,1674,22
HANARO Fn5G산업,14765,75,0.51,14771,25.75,218,3
SOL 미국S&P500엔화노출(H),10110,15,0.15,10151,9.96,1719,17
RISE KQ고배당,13455,5,-0.04,13466,19.38,537,7
TIGER MSCI KOREA ESG유니버설,12775,135,1.07,12791,31.63,8,0
TIGER 경기방어채권혼합,10025,5,-0.05,10045,5.46,8154,81
HANARO KRX300,19960,0,0.0,20057,30.38,52,1
RISE 우량업종대표주,15950,90,0.57,15975,32.13,168,2
ACE 일라이릴리밸류체인,9930,70,-0.7,9934,-0.3,790,7
SOL 자동차소부장Fn,9295,10,0.11,9324,13.91,5403,50
ACE 글로벌빅파마,9755,120,-1.22,9819,-0.44,2740,26
SOL 차이나육성산업액티브(합성),7645,15,0.2,7782,-1.74,3412,26
TIGER 원유선물인버스(H),2595,20,0.78,2600,-12.71,14271,36
KIWOOM 미국원유에너지기업,11040,85,-0.76,11015,4.92,5540,61
마이다스 일본테크액티브,23600,70,-0.3,23699,16.43,285,6
KIWOOM Fn유전자혁신기술,10130,160,-1.55,10154,11.61,594,6
SOL KRX기후변화솔루션,12630,295,2.39,12662,34.41,1697,21
KODEX 코스닥150롱코스피200숏선..,8360,60,-0.71,8338,-11.13,7529,63
RISE 미국장기국채선물(H),8350,25,0.3,8362,-1.6,1799,15
KIWOOM K-2차전지북미공급망,8310,245,3.04,8341,28.3,12946,107
KIWOOM TDF2050액티브,14950,10,0.07,14881,11.28,5106,76
PLUS 주도업종,13410,155,1.17,13404,24.08,611,8
KIWOOM TDF2040액티브,14720,40,0.27,14639,9.92,5143,75
RISE KRX300,21020,125,0.6,21065,29.89,137,2
HANARO Fn친환경에너지,7745,315,4.24,7725,23.71,53199,408
TIGER 미국나스닥넥스트100,14450,50,0.35,14417,16.72,67,0
RISE TDF2030액티브,13100,5,0.04,13108,6.81,6964,91
PLUS 글로벌HBM반도체,20570,30,0.15,20625,38.97,2949,60
SOL 유럽탄소배출권선물S&P(H),10280,5,-0.05,10245,6.75,171,1
TIGER 로우볼,17110,210,-1.21,17162,34.05,998,17
TIGER 200커버드콜OTM,14350,110,0.77,14393,17.67,1664,23
RISE 미국반도체인버스(합성 H),15945,5,-0.03,15994,-33.58,385,6
PLUS 글로벌AI인프라,14195,35,-0.25,14272,43.03,3848,54
TIGER 한중전기차(합성),8345,75,0.91,8518,9.97,25539,212
RISE 글로벌클린에너지,7025,40,0.57,7081,16.81,9925,70
TIGER KRX기후변화솔루션,12770,325,2.61,12764,34.67,3618,46
PLUS 국채선물10년,56400,140,0.25,56443,-2.03,235,13
KoAct AI인프라액티브,10640,60,0.57,10677,37.76,18089,192
TIGER KTOP30,9195,30,0.33,9194,23.83,8258,75
KODEX 코리아혁신성장액티브,13700,125,0.92,13730,26.94,1068,14
HANARO 글로벌반도체TOP10 SOLAC..,19370,160,-0.82,19414,44.11,11375,221
KIWOOM TDF2030액티브,13550,55,-0.4,13560,6.46,2242,30
ACE 중국과창판STAR50,7490,30,-0.4,7614,-2.27,23831,180
TIGER 200커뮤니케이션서비스,22230,55,0.25,22237,19.37,478,10
ACE Fn5G플러스,10965,85,0.78,10952,29.28,1925,21
RISE 일본섹터TOP4Plus,10105,0,0.0,10131,1.2,934,9
ACE 싱가포르리츠,13125,90,0.69,13026,6.3,1623,21
KODEX 국채선물10년인버스,54405,105,-0.19,54383,3.11,1,0
RISE 미국장기국채선물레버리지(..,5435,50,0.93,5435,-2.97,2630,14
PLUS 글로벌MSCI(합성 H),21535,180,0.84,21485,15.25,896,19
KIWOOM 차이나A50커넥트MSCI,9820,75,-0.76,10010,8.96,1436,14
PLUS 미국달러SOFR금리액티브(합..,57880,35,-0.06,57735,-1.05,36,2
ACE 중국본토CSI300레버리지(합..,3175,20,0.63,3235,12.68,20387,64
KODEX 밸류Plus,10540,5,-0.05,10518,30.28,4368,45
KODEX 최소변동성,12590,130,-1.02,12634,28.47,107,1
SOL 한국형글로벌전기차&2차전지..,12455,15,0.12,12549,25.66,4283,53
KoAct 미국뇌질환치료제액티브,8845,0,0.0,8778,3.63,1106,9
KIWOOM 엔비디아미국30년국채혼..,10285,30,0.29,10331,10.0,3670,37
KIWOOM 글로벌전력GRID인프라,12250,30,0.25,12195,26.47,6045,74
KIWOOM 의료AI,10155,125,-1.22,10184,7.99,15440,156
KODEX 미국30년국채울트라선물인..,12170,40,-0.33,12168,1.92,729,8
KODEX 경기소비재,10110,20,0.2,10110,25.83,3367,33
RISE 미국달러선물인버스,9370,0,0.0,9413,1.79,1099,10
RISE 수출주,14935,215,1.46,14959,31.0,87,1
ACE 일본TOPIX인버스(합성 H),2270,0,0.0,2275,-9.92,38887,88
ACE Fn성장소비주도주,7340,20,0.27,7361,21.07,1652,12
SOL 유럽탄소배출권선물인버스IC..,11670,50,0.43,11684,-8.25,57,0
HANARO 농업융복합산업,10580,130,1.24,10551,17.85,966,10
HANARO Fn K-메타버스MZ,7755,60,0.78,7743,14.32,158,1
KODEX 한중전기차(합성),8745,190,2.22,8749,11.61,438,3
RISE 국채선물3년,55530,40,-0.07,55577,0.24,7,0
RISE 미국장기국채선물인버스(H),11255,55,-0.49,11268,2.12,21,0
RISE 글로벌농업경제,9360,5,0.05,9371,7.96,3434,32
SOL 미국테크TOP10인버스(합성),6985,0,0.0,7028,-23.7,28,0
UNICORN R&D 액티브,13930,105,0.76,13895,22.83,46,0
PLUS 코스닥150,13865,20,-0.14,13939,16.83,537,7
ACE 필리핀MSCI(합성),13750,65,0.47,13751,1.41,194,2
KODEX 콩선물(H),10975,30,-0.27,10985,1.15,4709,51
TIGER 라틴35,4565,85,-1.83,4560,8.21,8717,39
TIGER 코스닥글로벌,13650,35,-0.26,13707,22.46,829,11
HANARO 글로벌탄소배출권선물ICE..,9860,100,-1.0,9851,5.01,660,6
PLUS ESG가치주액티브,9845,10,0.1,9838,25.37,11638,114
1Q 미국배당TOP30,8970,80,-0.88,8954,1.93,9184,82
RISE 국채선물5년추종,52050,40,-0.08,52122,-0.4,4,0
TIGER 200 철강소재,12990,350,2.77,12983,50.17,26080,335
KODEX MSCI EM선물(H),9375,20,0.21,9378,18.94,267,2
KIWOOM 미국방어배당성장나스닥,14995,15,0.1,15000,-1.5,360,5
KODEX 멀티에셋하이인컴(H),10155,20,0.2,10101,4.16,317,3
PLUS 신흥국MSCI인버스(합성 H),9750,0,0.0,9607,-12.48,0,0
TIGER 200 경기소비재,17890,60,-0.33,17884,21.02,1035,18
HANARO Fn골프테마,8765,65,0.75,8775,48.77,2279,19
PLUS 심천차이넥스트(합성),9630,15,0.16,9776,17.33,36,0
BNK 2차전지양극재,4800,125,2.67,4788,10.78,32816,156
HANARO 반도체핵심공정주도주,6365,50,-0.78,6365,10.87,28285,179
RISE 글로벌비만산업TOP2+,8670,5,0.06,8652,-0.52,5692,49
ACE 글로벌메타버스테크액티브,15890,40,0.25,15879,43.18,581,9
KODEX 퀄리티Plus,9485,10,-0.11,9486,14.45,214,2
BNK 온디바이스AI,8555,5,-0.06,8593,24.78,4040,34
TIMEFOLIO 글로벌안티에이징바이..,8470,50,-0.59,8399,4.99,4007,33
TIGER 코스피중형주,18280,125,0.69,18212,29.22,1279,23
RISE 팔라듐선물(H),6425,120,-1.83,6420,35.51,20820,132
HANARO KAP초장기국고채,40810,70,-0.17,40839,-3.5,56,2
TIGER 의료기기,17440,10,-0.06,17454,14.37,3705,64
PLUS 글로벌희토류&전략자원생산..,5095,135,2.72,5022,29.5,145994,737
TIGER 200에너지화학레버리지,5760,200,3.6,5752,91.07,34555,197
FOCUS KRX300,21050,135,0.65,21058,30.33,151,3
HANARO 200선물레버리지1.5X,17025,180,1.07,17037,50.74,36,0
KIWOOM 차이나내수소비TOP CSI,9070,15,0.17,9070,1.29,2453,22
KIWOOM 200선물인버스2X,1311,16,-1.21,1305,-42.92,164236,215
HANARO 코스닥150선물레버리지1...,13490,10,0.07,13502,25.34,98,1
SOL 차이나강소기업CSI500(합성 ..,4995,35,0.71,5017,13.24,1290,6
KoAct 테크핵심소재공급망액티브,7215,120,1.69,7235,16.89,13304,95
SOL 차이나태양광CSI(합성),3955,80,2.06,3964,8.7,3017,11
PLUS 중형주저변동50,15690,130,-0.82,15684,29.86,387,6
RISE 차이나H선물인버스(H),7765,100,-1.27,7756,-11.83,279,2
KCGI 테크미디어텔레콤액티브,9655,65,0.68,9684,19.73,261,2
PLUS 200선물인버스2X,2660,40,-1.48,2657,-42.86,15293,40
UNICORN 포스트IPO액티브,8435,5,0.06,8494,28.02,1307,11
PLUS 스마트베타Quality채권혼합,11905,30,-0.25,11900,9.04,1274,15
RISE 200선물인버스,4450,30,-0.67,4451,-23.87,614,2
KODEX 골드선물인버스(H),4450,75,-1.66,4465,-0.44,16447,73
KIWOOM 코스닥150선물인버스,6020,10,0.17,6023,-14.57,4698,28
KIWOOM 미국블록버스터바이오테..,9205,100,-1.07,9179,2.3,5197,47
TIGER 200 산업재,9895,100,1.02,9869,21.51,6055,59
KIWOOM K-반도체북미공급망,9045,35,0.39,9036,22.5,2955,26
KIWOOM 미국ETF산업STOXX,15675,110,0.71,15613,12.42,451,7
TIGER 코스닥150IT,13625,30,-0.22,13658,17.21,149,2
PLUS TDF2050액티브,14730,15,0.1,14675,12.76,278,4
TIGER 방송통신,8555,35,-0.41,8566,15.97,7640,65
HANARO 200선물인버스,8050,55,-0.68,8042,-23.86,93,0
HANARO 코스닥150선물레버리지,9320,20,-0.21,9300,34.39,1010,9
PLUS TDF2040액티브,13150,20,-0.15,13199,4.52,141,1
KIWOOM 코스닥150선물레버리지,4635,5,-0.11,4618,34.1,25190,116
KIWOOM 200선물인버스,4490,35,-0.77,4491,-24.01,3049,13
KCGI 스마트커머스액티브,10130,15,-0.15,10151,17.97,351,3
TIGER 금속선물(H),5935,235,4.12,5944,3.92,17960,105
ACE 미국빅테크TOP7 Plus인버스(..,9125,35,-0.38,9129,-23.73,446,4
TIGER 200동일가중,15080,45,0.3,15101,33.18,15,0
UNICORN 생성형AI강소기업액티브,9015,55,-0.61,8993,28.56,1982,17
ACE 인버스,4325,40,-0.92,4333,-23.76,10538,45
RISE 팔라듐선물인버스(H),4275,75,1.79,4318,-27.34,5100,21
RISE 코스닥150선물인버스,3385,0,0.0,3394,-14.74,6068,20
TIGER BBIG레버리지,2420,45,1.89,2421,43.77,45832,110
PLUS 코스닥150선물인버스,5105,30,-0.58,5138,-14.63,41,0
